Snippet length, Patch size, Bonus Actions, Bonus Total, Possible, Distinct valid repairs, Relevant edit actions, Saturation, Seq2Parse matched
6, 3, 23, 72, 1, 25, 61, 0.004893926978056997, 0
15, 2, 41, 562, 1, 164, 111, 0.044713038169757524, 0
16, 1, 39, 946, 1, 266, 101, 0.22277497277497277, 1
42, 1, 37, 365, 1, 106, 412, 0.0018383563977071454, 0
17, 1, 7, 14, 1, 6, 149, 0.02081992889366036, 0
25, 3, 40, 363, 1, 114, 230, 0.006977149660755622, 0
65, 1, 69, 1973, 1, 711, 473, 0.0010196123446088543, 0
217, 2, 8, 89, 1, 41, 2142, 8.176866839265111E-6, 0
182, 2, 13, 234, 1, 101, 2010, 1.1016422383163374E-5, 0
56, 1, 21, 72, 1, 23, 394, 0.003643089259630772, 0
61, 2, 47, 698, 1, 245, 470, 0.001308059605924772, 0
262, 1, 4, 10, 1, 7, 2320, 1.2634085229826384E-5, 0
28, 2, 82, 515, 1, 187, 223, 0.020595595090111017, 0
18, 1, 103, 750, 1, 234, 92, 0.2113202693639813, 1
40, 3, 0, 0, 1, 1, 283, 0.01202653173831514, 0
555, 3, 0, 0, 1, 1, 4847, 7.716279842946269E-7, 0
15, 3, 5, 7, 1, 3, 99, 0.24062408638607458, 0
120, 3, 0, 0, 1, 1, 1176, 1.4347171676828114E-4, 0
61, 3, 45, 1120, 1, 384, 434, 0.0021307680450271395, 0
88, 2, 59, 775, 1, 289, 686, 3.240837327683436E-4, 0
53, 1, 39, 1446, 1, 448, 260, 0.011749054070967912, 1
78, 1, 0, 0, 1, 1, 667, 8.082236433762581E-4, 0
73, 1, 68, 516, 1, 187, 456, 9.349194479399172E-4, 1
124, 2, 35, 676, 1, 261, 960, 1.450478717836798E-4, 0
42, 1, 18, 431, 1, 152, 234, 0.01785150480653162, 0
9, 1, 162, 845, 1, 282, 61, 0.8499590275880907, 1
39, 2, 56, 245, 1, 99, 275, 0.012418329904610897, 1
25, 1, 42, 407, 1, 117, 98, 0.05570176722740379, 0
25, 1, 44, 363, 1, 106, 98, 0.058854083643197254, 0
28, 1, 18, 44, 1, 20, 162, 0.0476184126021018, 0
71, 1, 28, 173, 1, 65, 439, 9.186540282365863E-4, 0
54, 2, 55, 385, 1, 137, 442, 0.0013226456547298989, 0
59, 3, 0, 0, 1, 1, 488, 0.0022834229915615536, 0
21, 3, 105, 609, 1, 229, 139, 0.12420568634517126, 0
33, 1, 16, 48, 1, 19, 182, 0.014068499029715315, 0
13, 1, 42, 296, 1, 87, 51, 0.45647981183849473, 1
146, 2, 6, 21, 1, 11, 1215, 1.0125409647490893E-4, 0
151, 3, 9, 24, 1, 12, 1202, 6.302345540446816E-5, 0
56, 2, 31, 325, 1, 118, 393, 0.0028696143873596747, 0
51, 1, 38, 577, 1, 174, 300, 0.003777730691249662, 1
64, 2, 13, 50, 1, 23, 351, 0.0027457419382597038, 1
111, 3, 0, 0, 1, 1, 1024, 1.9686805013210702E-4, 0
50, 1, 21, 207, 1, 67, 425, 0.00382760477215537, 0
177, 2, 0, 0, 1, 1, 935, 3.055965678497169E-4, 0
155, 2, 5, 15, 1, 7, 1350, 8.22722797975833E-5, 0
79, 1, 29, 279, 1, 100, 473, 0.0013761976677634494, 0
17, 1, 72, 838, 1, 291, 134, 0.017359085307950908, 1
617, 1, 0, 0, 1, 1, 5240, 6.760813957014271E-7, 0
84, 2, 25, 158, 1, 55, 380, 0.004077131891440854, 0
22, 2, 43, 120, 1, 37, 117, 0.16576519814947016, 1
77, 1, 0, 0, 1, 1, 513, 0.0013460253058170922, 0
95, 2, 12, 41, 1, 13, 734, 3.254069033533738E-4, 0
94, 1, 46, 357, 1, 132, 660, 4.4615612996525277E-4, 0
83, 3, 27, 678, 1, 217, 453, 0.0016947349763745422, 0
40, 2, 42, 293, 1, 107, 315, 0.0018526273410433248, 0
45, 1, 84, 2186, 1, 680, 284, 0.00473863930976592, 0
84, 2, 10, 48, 1, 22, 924, 1.5096864622457783E-4, 0
103, 2, 26, 121, 1, 44, 728, 4.5294610526892153E-4, 0
348, 2, 0, 0, 1, 1, 2326, 1.6838051017605315E-5, 0
64, 1, 28, 169, 1, 57, 576, 5.138663333693463E-4, 0
18, 2, 178, 1967, 1, 713, 186, 0.03410930037299512, 0
46, 3, 26, 186, 1, 60, 286, 0.006030485176147789, 0
68, 3, 34, 191, 1, 58, 491, 0.0014304061961705017, 0
25, 2, 49, 626, 1, 186, 235, 0.00829040090010067, 1
112, 2, 39, 361, 1, 157, 824, 2.3089840662002964E-4, 0
39, 2, 67, 713, 1, 283, 328, 0.0013189048146070262, 1
112, 2, 26, 141, 1, 62, 1054, 7.367421123293094E-5, 0
66, 3, 23, 192, 1, 60, 364, 0.003314383189206284, 0
23, 1, 170, 2249, 1, 702, 133, 0.09722056815808595, 0
53, 2, 0, 0, 1, 1, 285, 0.014147150480501273, 1
37, 1, 57, 472, 1, 147, 224, 0.013889109574659372, 0
24, 1, 106, 1077, 1, 402, 206, 0.020064788841395554, 0
23, 1, 148, 1638, 1, 568, 140, 0.10794657013713832, 1
47, 2, 35, 261, 1, 79, 481, 0.0013945134795269713, 0
53, 1, 24, 219, 1, 81, 518, 9.269717238197874E-4, 0
172, 3, 24, 127, 1, 45, 1156, 7.56179397127703E-5, 0
130, 2, 5, 14, 1, 7, 1268, 5.4425733179938875E-5, 0
112, 1, 28, 1267, 1, 447, 595, 9.35604735214843E-4, 1
74, 2, 54, 790, 1, 257, 518, 6.02992054838649E-4, 1
11, 1, 154, 1399, 1, 457, 84, 0.3989104273108496, 1
14, 3, 101, 1481, 1, 486, 72, 0.6485704762508161, 0
62, 2, 15, 112, 1, 34, 572, 8.000224219258552E-4, 0
21, 2, 44, 170, 1, 53, 165, 0.03550109463623737, 0
551, 2, 0, 0, 1, 1, 4049, 2.1851702316875417E-6, 0
13, 1, 139, 1146, 1, 400, 92, 0.26385832011055943, 1
91, 3, 37, 983, 1, 325, 656, 5.109773341348511E-4, 0
14, 1, 99, 905, 1, 294, 57, 0.9524909400026844, 0
37, 1, 53, 609, 1, 225, 227, 0.009644677405916851, 0
15, 3, 9, 75, 1, 26, 178, 0.017821346848041483, 0
42, 1, 0, 0, 1, 1, 288, 0.015257080823363111, 0
57, 1, 0, 0, 1, 1, 293, 0.008416483059199018, 0
124, 2, 0, 0, 1, 1, 1046, 1.9858540075048378E-4, 0
201, 3, 11, 113, 1, 45, 1961, 1.0074761187261884E-5, 0
37, 2, 29, 151, 1, 51, 222, 0.014741504666223305, 0
343, 2, 19, 333, 1, 156, 3145, 3.607044879924338E-6, 0
614, 1, 2, 13, 1, 8, 6493, 2.5725148212007897E-7, 0
26, 1, 90, 1893, 1, 581, 168, 0.022218456482622308, 1
28, 2, 24, 136, 1, 48, 141, 0.021545803874459972, 0
58, 2, 33, 152, 1, 46, 507, 0.0010060799429273805, 0
66, 1, 20, 100, 1, 47, 263, 0.017861113169791745, 1
282, 2, 0, 0, 1, 1, 2429, 1.0430741126041994E-5, 0
44, 3, 15, 51, 1, 19, 380, 0.0024492177271348164, 0
49, 1, 11, 50, 1, 16, 239, 0.017164009214254764, 0
69, 1, 90, 2605, 1, 924, 537, 7.44951557990379E-4, 1
153, 2, 0, 0, 1, 1, 1071, 2.10660841289414E-4, 0
109, 2, 41, 325, 1, 127, 942, 1.5295446890745002E-4, 0
125, 2, 0, 0, 1, 1, 852, 4.40217423515616E-4, 0
126, 1, 49, 5964, 1, 2160, 643, 5.26918333080562E-4, 1
53, 2, 63, 1604, 1, 569, 568, 0.0010125662737881485, 0
178, 1, 8, 29, 1, 16, 1663, 2.024332289515853E-5, 0
33, 3, 0, 0, 1, 1, 154, 0.07149460811358452, 0
270, 3, 9, 20, 1, 10, 1925, 1.1434592546836758E-5, 0
1222, 1, 0, 0, 1, 1, 6720, 1.9953249500556888E-7, 1
89, 2, 43, 713, 1, 268, 739, 3.3916892306809656E-4, 0
86, 2, 85, 3088, 1, 1154, 770, 3.119960325617592E-4, 0
14, 3, 145, 1217, 1, 358, 129, 0.12092555865076, 0
170, 2, 8, 14, 1, 7, 972, 1.7536508128236224E-4, 1
104, 2, 22, 66, 1, 30, 681, 1.86477984984713E-4, 0
14, 2, 107, 796, 1, 290, 161, 0.031980513178836226, 0
25, 1, 50, 1671, 1, 530, 144, 0.08196790341208347, 1
39, 1, 13, 28, 1, 10, 233, 0.00967505245102073, 0
134, 2, 16, 111, 1, 43, 1117, 8.6949491837934E-5, 0
71, 1, 75, 1954, 1, 748, 435, 0.0021566530291573737, 1
31, 1, 32, 189, 1, 62, 173, 0.04796545819588278, 0
21, 1, 52, 486, 1, 155, 110, 0.10175368529455195, 1
51, 2, 30, 222, 1, 67, 526, 0.0010207596913420901, 0
69, 3, 20, 190, 1, 65, 395, 0.002680572656126898, 0
14, 1, 106, 898, 1, 302, 138, 0.05606891048346903, 0
69, 2, 35, 406, 1, 129, 243, 0.006400542354054382, 0
161, 1, 55, 479, 1, 205, 1116, 4.9517809313318775E-5, 1
112, 2, 29, 334, 1, 136, 1050, 5.8318081381962556E-5, 0
339, 3, 0, 0, 1, 1, 2394, 1.4876445802173801E-5, 0
28, 1, 104, 1572, 1, 584, 165, 0.07476086096362239, 1
110, 2, 38, 381, 1, 153, 961, 1.4047287026729577E-4, 0
72, 1, 26, 69, 1, 34, 549, 6.749664900488176E-4, 0
23, 1, 137, 2341, 1, 816, 143, 0.12372060699252391, 1
64, 3, 20, 169, 1, 50, 591, 7.748397894323316E-4, 0
1050, 2, 17, 151, 1, 78, 6933, 1.2237773027643017E-7, 0
13, 1, 127, 1527, 1, 451, 106, 0.15441302924907274, 0
78, 3, 29, 243, 1, 72, 503, 6.287230536640719E-4, 0
67, 2, 79, 415, 1, 184, 687, 4.86495307341935E-4, 0
22, 1, 41, 681, 1, 219, 117, 0.11840253342716398, 1
203, 2, 29, 509, 1, 238, 1780, 2.001076163917393E-5, 0
92, 3, 24, 235, 1, 70, 584, 4.448911172958612E-4, 0
23, 3, 12, 61, 1, 19, 148, 0.06295948539824074, 0
80, 2, 14, 54, 1, 16, 464, 0.0016444738798016992, 1
32, 1, 35, 586, 1, 220, 327, 0.002459990162456437, 0
726, 2, 0, 0, 1, 1, 7039, 2.0064765759044757E-7, 0
14, 3, 81, 458, 1, 141, 75, 0.3285358859129351, 0
29, 1, 158, 3280, 1, 1092, 221, 0.024655077959205806, 0
160, 1, 0, 0, 1, 1, 998, 2.777771116299027E-4, 0
146, 2, 12, 53, 1, 21, 1165, 7.7290768308781E-5, 0
31, 2, 50, 635, 1, 210, 255, 0.008160974636627138, 0
144, 2, 8, 39, 1, 14, 1152, 1.701938028667797E-4, 0
182, 2, 16, 72, 1, 34, 1720, 1.7431853650373123E-5, 0
203, 2, 18, 400, 1, 176, 2034, 1.6827401342997444E-5, 0
49, 2, 57, 333, 1, 133, 384, 0.006156495808843192, 1
250, 1, 15, 128, 1, 52, 1710, 1.779264797642185E-5, 0
44, 3, 41, 1263, 1, 390, 187, 0.015767651914991226, 0
75, 3, 42, 557, 1, 188, 477, 0.0014113981531798726, 0
148, 3, 0, 0, 1, 1, 1144, 1.468119313259441E-4, 0
95, 2, 28, 300, 1, 128, 901, 1.5414403922988818E-4, 0
99, 3, 30, 358, 1, 161, 961, 1.3240994362432402E-4, 0
70, 2, 15, 38, 1, 15, 447, 0.0012163516585076833, 0
32, 2, 0, 0, 1, 1, 238, 0.026384641640446366, 0
160, 1, 0, 0, 1, 1, 1302, 9.847316931692191E-5, 0
58, 1, 31, 1106, 1, 395, 365, 0.004606938210478753, 1
39, 3, 57, 709, 1, 232, 252, 0.007293230757428131, 0
59, 1, 130, 1964, 1, 746, 372, 0.006364766255173079, 1
16, 1, 83, 2104, 1, 680, 150, 0.025404625830893864, 1
147, 2, 0, 0, 1, 1, 1200, 1.2236754917933218E-4, 0
67, 3, 36, 169, 1, 60, 504, 9.812884692217486E-4, 0
105, 3, 13, 103, 1, 39, 933, 2.2737269588227652E-4, 0
60, 3, 21, 194, 1, 64, 352, 0.0038780778139595813, 0
23, 1, 41, 564, 1, 160, 146, 0.03510885906062131, 1
9, 2, 71, 351, 1, 107, 59, 0.355490747176806, 0
65, 1, 43, 1561, 1, 523, 460, 0.0016525730479912755, 0
223, 2, 5, 30, 1, 11, 1746, 2.5804386777539323E-5, 0
18, 1, 43, 357, 1, 110, 98, 0.14912180823896445, 1
126, 3, 11, 30, 1, 13, 1105, 1.373901035097913E-4, 0
25, 2, 48, 316, 1, 106, 137, 0.058979798649454955, 0
133, 2, 0, 0, 1, 1, 985, 2.2009720572319755E-4, 0
34, 1, 119, 4736, 1, 1569, 262, 0.013894022527948987, 1
81, 2, 49, 546, 1, 225, 840, 1.219087993547797E-4, 0
149, 3, 5, 14, 1, 7, 1158, 1.0039952741577643E-4, 0
1132, 3, 0, 0, 1, 1, 8308, 9.74317418114614E-8, 0
85, 3, 32, 132, 1, 52, 600, 3.76558660842464E-4, 0
46, 3, 50, 1287, 1, 379, 400, 0.00142520196707959, 0
142, 2, 29, 150, 1, 79, 1255, 5.2333183526048507E-5, 0
44, 2, 56, 596, 1, 200, 374, 0.001926640416066081, 0
166, 2, 21, 202, 1, 99, 1537, 2.9027040367390096E-5, 0
12, 3, 60, 563, 1, 166, 69, 0.35832466376706235, 0
115, 3, 15, 51, 1, 19, 848, 1.7871053738564824E-4, 0
176, 3, 18, 209, 1, 77, 1096, 1.0733849177057295E-4, 0
109, 3, 13, 120, 1, 45, 777, 4.1472005451656735E-4, 0
99, 1, 24, 260, 1, 95, 662, 4.162910258066174E-4, 0
180, 2, 0, 0, 1, 1, 1741, 4.138224106834783E-5, 0
73, 2, 10, 42, 1, 13, 542, 0.0016863572880312658, 0
13, 1, 71, 552, 1, 166, 104, 0.17830709264399755, 0
44, 2, 47, 449, 1, 136, 374, 0.001326693676761619, 0
50, 2, 6, 11, 1, 5, 371, 0.0018882356797866992, 0
23, 3, 4, 4, 1, 2, 139, 0.05230854311675419, 0
43, 2, 18, 97, 1, 29, 245, 0.011614181379521592, 0
58, 3, 0, 0, 1, 1, 337, 0.01102446577705557, 0
218, 2, 22, 297, 1, 109, 1667, 2.2706143514440087E-5, 0
32, 2, 76, 662, 1, 199, 224, 0.01162545707763504, 0
39, 2, 12, 46, 1, 13, 194, 0.027819833642819296, 0
31, 3, 54, 430, 1, 136, 214, 0.012291976489464248, 0
18, 1, 30, 226, 1, 67, 97, 0.19437658828161353, 0
108, 2, 13, 107, 1, 42, 1024, 1.200582222843534E-4, 0
45, 2, 21, 230, 1, 71, 219, 0.017898199976287412, 0
32, 2, 72, 1232, 1, 416, 227, 0.014400389564756602, 1
107, 3, 0, 0, 1, 1, 986, 2.8007945096876203E-4, 0
91, 2, 43, 504, 1, 201, 693, 3.378720396826739E-4, 0
152, 2, 10, 116, 1, 43, 1508, 2.474725552423789E-5, 0
71, 2, 34, 383, 1, 144, 574, 7.036771807390456E-4, 0
87, 2, 0, 0, 1, 1, 750, 6.053430602275762E-4, 0
11, 3, 57, 402, 1, 117, 53, 0.7353589464579672, 0
34, 1, 35, 880, 1, 259, 140, 0.07071697351537608, 1
14, 1, 149, 1829, 1, 593, 108, 0.15753368715323238, 0
43, 3, 0, 0, 1, 1, 320, 0.007350239018194384, 0
130, 1, 9, 56, 1, 20, 628, 0.0011845362945553913, 0
101, 2, 11, 87, 1, 28, 928, 2.692667647013927E-4, 0
2906, 1, 0, 0, 1, 1, 21572, 2.9253931841496844E-9, 1
52, 3, 80, 493, 1, 196, 491, 0.00182966960865671, 0
83, 1, 11, 52, 1, 20, 802, 2.4929804613938974E-4, 0
14, 3, 74, 1285, 1, 378, 83, 0.23467413387223338, 0
101, 2, 34, 639, 1, 246, 942, 1.2371061698313856E-4, 0
165, 3, 0, 0, 1, 1, 1521, 5.476392507401967E-5, 0
33, 2, 0, 0, 1, 1, 226, 0.018434948291194974, 0
125, 1, 0, 0, 1, 1, 865, 3.8638734605275543E-4, 1
444, 3, 0, 0, 1, 1, 3077, 5.855933807508657E-6, 0
28, 1, 19, 49, 1, 16, 137, 0.1069149926916508, 1
117, 2, 20, 83, 1, 31, 638, 4.2223604915333016E-4, 0
120, 3, 0, 0, 1, 1, 905, 3.581742398210499E-4, 0
31, 1, 23, 434, 1, 143, 157, 0.05470977055715552, 1
62, 2, 79, 415, 1, 178, 609, 7.53689098811446E-4, 0
27, 2, 37, 106, 1, 34, 200, 0.021273044451422207, 0
35, 1, 70, 1217, 1, 413, 159, 0.07606172567675895, 1
59, 1, 24, 197, 1, 68, 421, 0.001756996112021816, 0
17, 2, 68, 1179, 1, 386, 84, 0.2707603683052877, 0
100, 2, 39, 731, 1, 281, 779, 2.7980750658554177E-4, 0
13, 2, 154, 1131, 1, 371, 139, 0.05675730398367516, 1
42, 2, 44, 302, 1, 110, 354, 0.0022092658407058463, 1
63, 2, 29, 653, 1, 225, 379, 0.003851945511690177, 0
227, 3, 9, 17, 1, 11, 1598, 2.2245558216744734E-5, 0
200, 3, 33, 412, 1, 162, 1505, 2.713598519316831E-5, 0
93, 2, 18, 181, 1, 65, 917, 1.126738753512752E-4, 1
136, 2, 19, 499, 1, 222, 858, 2.4921841082296397E-4, 0
83, 2, 45, 291, 1, 110, 667, 4.0482670490571925E-4, 0
74, 3, 0, 0, 1, 1, 740, 6.055769951352742E-4, 0
49, 2, 53, 256, 1, 103, 328, 0.009665458416648754, 0
40, 2, 0, 0, 1, 1, 349, 0.007625058309770461, 0
101, 2, 42, 920, 1, 364, 975, 1.5906308189471107E-4, 0
78, 3, 0, 0, 1, 1, 626, 0.0010134220743205768, 0
80, 2, 72, 1354, 1, 450, 483, 0.0015545617746482684, 0
263, 3, 0, 0, 1, 1, 2117, 2.20288980022817E-5, 0
109, 2, 9, 39, 1, 14, 941, 1.8180483413118674E-4, 0
31, 2, 22, 164, 1, 57, 156, 0.032191896863840046, 0
67, 1, 8, 25, 1, 9, 532, 9.678955896732284E-4, 1
112, 2, 23, 73, 1, 26, 769, 2.22426072185075E-4, 0
171, 1, 30, 254, 1, 102, 1613, 2.1711563549973877E-5, 1
113, 2, 0, 0, 1, 1, 785, 4.790222766757363E-4, 0
78, 2, 19, 120, 1, 36, 547, 7.94143629044504E-4, 1
244, 1, 21, 145, 1, 71, 2282, 7.60623165641397E-6, 1
76, 1, 31, 447, 1, 156, 331, 0.0040107661744376594, 0
32, 1, 6, 8, 1, 4, 258, 0.01895158230795218, 0
69, 1, 24, 174, 1, 51, 656, 7.864666368593594E-4, 0
184, 2, 29, 302, 1, 134, 1676, 2.2855968095174775E-5, 0
81, 3, 0, 0, 1, 1, 637, 0.0012050899287720516, 0
78, 2, 22, 181, 1, 54, 758, 5.037641719083674E-4, 0
516, 2, 12, 415, 1, 179, 2508, 7.536618218081587E-6, 0
416, 2, 2, 6, 1, 5, 2650, 6.313272645756048E-6, 0
137, 2, 31, 786, 1, 267, 903, 1.341690083109515E-4, 1
157, 3, 18, 213, 1, 71, 1129, 6.755897587425743E-5, 0
47, 3, 45, 369, 1, 125, 328, 0.004105489689673027, 0
61, 2, 51, 450, 1, 187, 522, 5.807496550122761E-4, 0
29, 1, 73, 819, 1, 275, 243, 0.00950482788142807, 0
115, 2, 27, 577, 1, 229, 1123, 8.133531476702446E-5, 0
49, 2, 84, 965, 1, 363, 338, 0.006037800789071015, 0
44, 2, 38, 322, 1, 97, 461, 0.0016730829910917757, 0
24, 1, 28, 261, 1, 79, 123, 0.06538151048636319, 0
23, 1, 59, 1061, 1, 351, 138, 0.08093128911047119, 1
27, 2, 62, 537, 1, 168, 200, 0.01084465567959392, 0
368, 2, 2, 2, 1, 2, 2611, 5.6091184311113025E-6, 0
19, 1, 29, 102, 1, 33, 85, 0.07992578070298277, 1
54, 1, 41, 1645, 1, 635, 307, 0.00699875094611327, 1
45, 3, 37, 288, 1, 105, 345, 0.0026140035737778995, 0
34, 1, 22, 247, 1, 84, 195, 0.032402243619003346, 1
31, 2, 59, 276, 1, 115, 245, 0.014126767619845222, 0
358, 2, 20, 326, 1, 142, 2359, 7.204857230124404E-6, 0
98, 2, 36, 227, 1, 105, 791, 2.2922681259915527E-4, 0
249, 1, 5, 31, 1, 15, 2640, 5.386817310438944E-6, 0
119, 3, 15, 81, 1, 25, 904, 2.9651596126368585E-4, 0
14, 1, 123, 2061, 1, 632, 80, 0.4281268586327672, 1
100, 1, 25, 152, 1, 65, 775, 2.8705664318353095E-4, 0
230, 2, 2, 2, 1, 2, 1864, 3.090185143374479E-5, 0
162, 2, 13, 60, 1, 29, 1507, 2.781594447503887E-5, 0
56, 1, 49, 378, 1, 123, 398, 0.002041869809071208, 1
48, 1, 5, 11, 1, 5, 475, 0.003432361295570847, 0
38, 1, 26, 169, 1, 51, 429, 0.0019328798568667715, 1
131, 2, 21, 195, 1, 90, 1226, 5.5276550641270574E-5, 0
26, 2, 36, 74, 1, 28, 174, 0.04193886154645544, 0
69, 2, 45, 971, 1, 332, 540, 8.142814250714067E-4, 0
40, 2, 35, 467, 1, 136, 295, 0.003517051745811606, 1
42, 2, 53, 487, 1, 180, 369, 0.0023593695519299037, 0
148, 1, 34, 434, 1, 149, 625, 5.371000363641409E-4, 0
18, 1, 77, 1211, 1, 363, 122, 0.0896069747744389, 0
214, 2, 11, 64, 1, 30, 1581, 2.004555587953591E-5, 0
66, 3, 4, 8, 1, 3, 333, 0.005598540402917058, 0
138, 2, 24, 455, 1, 194, 1011, 1.018876633993622E-4, 0
60, 2, 56, 990, 1, 314, 636, 6.183736678560587E-4, 0
176, 2, 0, 0, 1, 1, 1389, 9.586239896342314E-5, 0
26, 1, 59, 624, 1, 178, 206, 0.017642686478722427, 1
26, 2, 45, 316, 1, 93, 180, 0.02393265504522797, 1
24, 3, 60, 451, 1, 157, 157, 0.027613331700213666, 0
53, 2, 11, 40, 1, 13, 394, 0.0020982428577947763, 0
99, 2, 0, 0, 1, 1, 838, 5.122627226392207E-4, 0
204, 2, 45, 404, 1, 172, 1743, 1.4005018651054458E-5, 0
26, 1, 27, 76, 1, 26, 144, 0.08737472404737981, 0
181, 2, 22, 174, 1, 81, 1791, 1.7015114784612237E-5, 0
23, 1, 44, 615, 1, 210, 176, 0.017279587397440715, 0
62, 1, 0, 0, 1, 1, 438, 0.0026869792439963344, 0
93, 2, 12, 215, 1, 78, 801, 4.1287193684154676E-4, 0
53, 1, 52, 3480, 1, 1297, 322, 0.006521311352185503, 1
30, 3, 57, 695, 1, 230, 214, 0.013234074683348612, 0
30, 3, 35, 333, 1, 115, 206, 0.00845235063134179, 0
29, 1, 88, 1887, 1, 582, 208, 0.011662890636263648, 0
43, 2, 29, 174, 1, 57, 270, 0.007626880469638784, 0
41, 1, 28, 212, 1, 63, 284, 0.005214908105797707, 1
30, 1, 32, 867, 1, 254, 133, 0.10673416974322596, 0
74, 2, 44, 751, 1, 263, 562, 8.733912671943323E-4, 1
33, 1, 26, 140, 1, 56, 196, 0.04683919901732099, 1
481, 1, 0, 0, 1, 1, 4777, 8.776367501624987E-7, 1
30, 1, 96, 1876, 1, 652, 271, 0.007352133536004195, 1
53, 2, 65, 1085, 1, 380, 533, 7.026938477924941E-4, 0
294, 1, 41, 1199, 1, 503, 2448, 4.62029375988182E-6, 1
122, 3, 12, 87, 1, 34, 841, 2.1557591740381244E-4, 0
57, 2, 35, 291, 1, 87, 478, 0.0013505231031240453, 1
85, 2, 0, 0, 1, 1, 615, 0.0011849655493580216, 0
50, 3, 58, 739, 1, 223, 387, 0.0013854050229893816, 1
4, 1, 54, 114, 1, 42, 63, 0.1825879108630498, 0
185, 2, 0, 0, 1, 1, 1513, 7.621184506530517E-5, 0
27, 1, 83, 686, 1, 221, 163, 0.057153756930331326, 1
92, 1, 13, 464, 1, 172, 526, 0.0011117037245495951, 0
21, 2, 49, 1788, 1, 553, 127, 0.10372509519544451, 1
99, 2, 16, 85, 1, 35, 837, 3.7387466389521084E-4, 0
15, 1, 209, 1947, 1, 636, 111, 0.23177239597680185, 1
37, 2, 0, 0, 1, 1, 222, 0.023562557808443352, 0
60, 2, 34, 161, 1, 48, 466, 0.001415563105741524, 0
162, 2, 23, 151, 1, 63, 1332, 5.0828899346851184E-5, 0
21, 1, 30, 126, 1, 40, 155, 0.02830609547965335, 0
57, 1, 47, 2434, 1, 825, 350, 0.0032611241021405723, 0
26, 1, 12, 52, 1, 16, 189, 0.011315971787687921, 1
334, 2, 0, 0, 1, 1, 2124, 2.2070909763141737E-5, 0
115, 3, 0, 0, 1, 1, 999, 3.2206040541579267E-4, 0
25, 1, 98, 1277, 1, 392, 105, 0.15575760884111767, 0
22, 2, 47, 269, 1, 81, 135, 0.030590786050951366, 0
55, 2, 40, 280, 1, 100, 442, 0.0015900574868548303, 0
222, 3, 9, 50, 1, 19, 1181, 1.0448754999298904E-4, 0
2330, 1, 0, 0, 1, 1, 20730, 3.2736444837397344E-9, 0
283, 2, 23, 280, 1, 130, 2316, 7.578089504676644E-6, 0
27, 2, 38, 165, 1, 50, 202, 0.01599580355984283, 1
84, 1, 6, 12, 1, 5, 641, 0.0010770764928420124, 0
11, 1, 157, 1336, 1, 400, 94, 0.20812471790028028, 0
225, 3, 14, 44, 1, 23, 1908, 1.2656642180141404E-5, 0
58, 3, 21, 116, 1, 36, 448, 0.0010443850345817928, 0
93, 2, 12, 123, 1, 48, 475, 0.0016940529756429568, 1
10, 2, 24, 153, 1, 43, 44, 0.5295396749345815, 0
21, 2, 55, 542, 1, 173, 161, 0.027980765498233764, 0
186, 3, 0, 0, 1, 1, 1625, 4.461449038066452E-5, 0
31, 3, 0, 0, 1, 1, 288, 0.010057388833978661, 0
50, 3, 19, 54, 1, 20, 375, 0.0021193477530372686, 0
45, 1, 55, 814, 1, 297, 345, 0.004457179819343744, 1
553, 2, 25, 148, 1, 71, 3120, 1.6958101011433521E-6, 0
10, 1, 81, 1183, 1, 354, 46, 1.8571811792478137, 0
149, 3, 0, 0, 1, 1, 1202, 1.3439693610353755E-4, 0
47, 2, 40, 384, 1, 113, 457, 0.0018133332929238539, 0
29, 1, 23, 196, 1, 66, 148, 0.07001421702109166, 0
199, 2, 0, 0, 1, 1, 973, 2.1227796832124605E-4, 0
175, 1, 5, 8, 1, 5, 1231, 6.178380898865744E-5, 0
89, 2, 0, 0, 1, 1, 787, 5.897846995537725E-4, 0
86, 1, 62, 1649, 1, 572, 717, 3.306399442739136E-4, 1
17, 2, 12, 59, 1, 16, 89, 0.17586289938836855, 0
82, 2, 51, 389, 1, 141, 568, 8.275179130027806E-4, 0
24, 2, 49, 299, 1, 102, 188, 0.012424633336877405, 0
118, 2, 0, 0, 1, 1, 1315, 1.13567863053914E-4, 0
48, 1, 198, 3317, 1, 1248, 331, 0.009510980759985164, 1
270, 3, 0, 0, 1, 1, 2201, 1.8108500659101098E-5, 0
145, 2, 22, 310, 1, 135, 1418, 3.630564588997731E-5, 0
276, 2, 23, 168, 1, 78, 2137, 9.338715508730723E-6, 0
35, 2, 47, 497, 1, 148, 256, 0.0049770959991661985, 1
26, 2, 32, 270, 1, 79, 198, 0.009437587604671763, 1
17, 1, 39, 450, 1, 132, 111, 0.05099947141548976, 1
44, 1, 24, 113, 1, 35, 370, 0.003761378115205737, 0
65, 2, 51, 1473, 1, 494, 393, 0.002801093499318368, 0
73, 2, 70, 775, 1, 294, 502, 0.0017738228032549352, 0
68, 2, 35, 555, 1, 208, 497, 0.001139228671183081, 0
150, 3, 0, 0, 1, 1, 1200, 1.372256253453237E-4, 0
10, 3, 76, 508, 1, 154, 66, 0.407109692917197, 0
77, 2, 29, 328, 1, 108, 385, 0.003689334459543248, 0
215, 2, 0, 0, 1, 1, 1103, 1.2884169772855585E-4, 0
35, 2, 53, 475, 1, 185, 226, 0.024734747923672428, 0
81, 2, 37, 406, 1, 153, 644, 4.4239166280101637E-4, 0
25, 1, 129, 1243, 1, 415, 139, 0.07845488192670594, 1
158, 2, 0, 0, 1, 1, 1376, 9.856885045851647E-5, 0
27, 3, 23, 157, 1, 51, 162, 0.02514000337670261, 0
120, 2, 22, 95, 1, 30, 698, 5.322868171553585E-4, 0
312, 3, 0, 0, 1, 1, 2571, 1.2731726498485888E-5, 0
10, 3, 74, 570, 1, 169, 66, 0.4116953193625298, 0
17, 1, 144, 957, 1, 323, 182, 0.02838017717862915, 0
14, 1, 55, 226, 1, 69, 63, 0.8852225533987796, 1
200, 1, 2, 2, 1, 2, 926, 1.679671524899655E-4, 1
76, 2, 34, 461, 1, 186, 748, 2.7939717475641135E-4, 0
34, 1, 120, 1209, 1, 425, 248, 0.014183357975646375, 0
87, 1, 34, 542, 1, 191, 789, 1.799967163994148E-4, 1
76, 3, 19, 97, 1, 33, 472, 0.0012809353366410967, 0
14, 2, 38, 182, 1, 57, 88, 0.16561511591076605, 0
428, 1, 9, 61, 1, 27, 4040, 7.816816134623344E-7, 0
605, 2, 0, 0, 1, 1, 3925, 1.0244178729205155E-6, 0
68, 3, 0, 0, 1, 1, 616, 9.613703481540822E-4, 0
42, 1, 145, 1534, 1, 557, 320, 0.0068439412195840914, 0
152, 2, 14, 31, 1, 16, 1021, 9.845051268655905E-5, 0
6, 2, 111, 394, 1, 139, 44, 0.8343959999508593, 0
152, 1, 7, 10, 1, 7, 842, 2.8753981340998646E-4, 1
428, 3, 0, 0, 1, 1, 3940, 2.49195409699327E-6, 0
373, 2, 13, 50, 1, 28, 3091, 4.271311976156101E-6, 0
115, 2, 10, 24, 1, 12, 888, 1.3440601671769355E-4, 0
50, 1, 58, 699, 1, 242, 441, 0.0017490563147151187, 1
64, 3, 15, 39, 1, 19, 550, 4.6273446012443944E-4, 0
48, 2, 0, 0, 1, 1, 290, 0.01480473097753848, 0
78, 3, 0, 0, 1, 1, 814, 4.59909658610052E-4, 0
85, 3, 5, 9, 1, 4, 498, 0.0013060866705239375, 0
131, 3, 23, 195, 1, 97, 1124, 7.663296264624408E-5, 0
50, 2, 55, 202, 1, 78, 425, 0.0015344500527869666, 0
22, 1, 113, 1553, 1, 464, 197, 0.033423368570487784, 0
110, 3, 0, 0, 1, 1, 818, 5.336453499493749E-4, 0
41, 2, 55, 726, 1, 252, 374, 0.0025416156117141937, 0
31, 1, 52, 601, 1, 201, 243, 0.004459327451179071, 0
42, 1, 22, 230, 1, 70, 196, 0.019440782654722634, 1
1038, 1, 2, 2, 1, 2, 6050, 2.2171735835982124E-7, 0
30, 2, 51, 2262, 1, 772, 173, 0.040465561747831856, 0
31, 2, 47, 292, 1, 86, 293, 0.0053906624134739305, 0
54, 1, 21, 454, 1, 160, 283, 0.009603309828933934, 0
50, 2, 89, 1028, 1, 329, 399, 0.001397436354647807, 1
83, 3, 28, 358, 1, 119, 444, 0.001880140034201412, 0
54, 2, 60, 457, 1, 162, 367, 0.002259234927114151, 0
127, 1, 56, 1610, 1, 559, 695, 4.093085250621028E-4, 0
97, 2, 26, 165, 1, 64, 860, 1.9832533915318366E-4, 0
133, 1, 4, 16, 1, 9, 1188, 1.0456990473457944E-4, 0
7, 1, 72, 286, 1, 85, 26, 5.85431643625192, 1
30, 3, 27, 650, 1, 206, 146, 0.06427399875235969, 0
25, 3, 36, 225, 1, 74, 177, 0.029970118155846655, 0
63, 2, 19, 206, 1, 82, 386, 0.00356527417915875, 0
24, 1, 133, 1712, 1, 570, 160, 0.06057819312608603, 0
14, 1, 51, 536, 1, 173, 81, 0.2683652214164481, 1
